id,name,definition,bpmn,uuid,tenant_id
customer_interaction_process,고객 응대 프로세스,"{""data"":[{""name"":""접수된 문의 내용"",""type"":""Form"",""datasource"":{""sql"":"""",""type"":""BPMN""},""defaultValue"":{""_type"":""org.uengine.contexts.HtmlFormContext"",""filePath"":""customer_interaction_process_inquiry_receipt_form.form"",""formDefId"":""customer_interaction_process_inquiry_receipt_form""}},{""name"":""담당자"",""type"":""Form"",""datasource"":{""sql"":"""",""type"":""BPMN""},""defaultValue"":{""_type"":""org.uengine.contexts.HtmlFormContext"",""filePath"":""customer_interaction_process_assign_responsible_form.form"",""formDefId"":""customer_interaction_process_assign_responsible_form""}},{""name"":""응대 결과"",""type"":""Form"",""datasource"":{""sql"":"""",""type"":""BPMN""},""defaultValue"":{""_type"":""org.uengine.contexts.HtmlFormContext"",""filePath"":""customer_interaction_process_report_and_record_form.form"",""formDefId"":""customer_interaction_process_report_and_record_form""}}],""roles"":[{""name"":""직원"",""endpoint"":"""",""resolutionRule"":""system""},{""name"":""담당자"",""endpoint"":"""",""resolutionRule"":""system""},{""name"":""고객"",""endpoint"":"""",""resolutionRule"":""system""}],""events"":[{""id"":""start_event"",""name"":""프로세스 시작"",""role"":""직원"",""type"":""startEvent"",""process"":""customer_interaction_process"",""properties"":""{}"",""description"":""start event""},{""id"":""end_event"",""name"":""프로세스 종료"",""role"":""직원"",""type"":""endEvent"",""process"":""customer_interaction_process"",""properties"":""{}"",""description"":""start event""}],""version"":null,""gateways"":[],""sequences"":[{""id"":""SequenceFlow_start_event_inquiry_receipt"",""source"":""start_event"",""target"":""inquiry_receipt"",""condition"":"""",""properties"":""{}""},{""id"":""SequenceFlow_inquiry_receipt_assign_responsible"",""source"":""inquiry_receipt"",""target"":""assign_responsible"",""condition"":"""",""properties"":""{}""},{""id"":""SequenceFlow_assign_responsible_customer_interaction"",""source"":""assign_responsible"",""target"":""customer_interaction"",""condition"":"""",""properties"":""{}""},{""id"":""SequenceFlow_customer_interaction_report_and_record"",""source"":""customer_interaction"",""target"":""report_and_record"",""condition"":"""",""properties"":""{}""},{""id"":""SequenceFlow_report_and_record_end_event"",""source"":""report_and_record"",""target"":""end_event"",""condition"":"""",""properties"":""{}""}],""activities"":[{""id"":""inquiry_receipt"",""name"":""문의 접수"",""role"":""고객"",""tool"":""formHandler:customer_interaction_process_inquiry_receipt_form"",""type"":""userTask"",""process"":""customer_interaction_process"",""duration"":5,""inputData"":[""customer_interaction_process_inquiry_receipt_form""],""outputData"":[""customer_interaction_process_inquiry_receipt_form""],""properties"":""{\""parameters\"":[{\""argument\"":{\""text\"":\""customer_interaction_process_inquiry_receipt_form\""},\""variable\"":{\""name\"":\""customer_interaction_process_inquiry_receipt_form\""},\""direction\"":\""OUT\""},{\""argument\"":{\""text\"":\""customer_interaction_process_inquiry_receipt_form\""},\""variable\"":{\""name\"":\""customer_interaction_process_inquiry_receipt_form\""},\""direction\"":\""IN\""}],\""duration\"":\""5\"",\""_type\"":\""org.uengine.kernel.FormActivity\"",\""role\"":{\""name\"":\""\""},\""variableForHtmlFormContext\"":{\""name\"":\""customer_interaction_process_inquiry_receipt_form\""}}"",""description"":""문의 접수 description"",""instruction"":""문의 접수 instruction""},{""id"":""assign_responsible"",""name"":""담당자 전달"",""role"":""직원"",""tool"":""formHandler:customer_interaction_process_assign_responsible_form"",""type"":""userTask"",""process"":""customer_interaction_process"",""duration"":5,""inputData"":[""customer_interaction_process_assign_responsible_form""],""outputData"":[""customer_interaction_process_inquiry_receipt_form""],""properties"":""{\""parameters\"":[{\""argument\"":{\""text\"":\""customer_interaction_process_inquiry_receipt_form\""},\""variable\"":{\""name\"":\""customer_interaction_process_inquiry_receipt_form\""},\""direction\"":\""OUT\""},{\""argument\"":{\""text\"":\""customer_interaction_process_assign_responsible_form\""},\""variable\"":{\""name\"":\""customer_interaction_process_assign_responsible_form\""},\""direction\"":\""IN\""}],\""duration\"":\""5\"",\""_type\"":\""org.uengine.kernel.FormActivity\"",\""role\"":{\""name\"":\""\""},\""variableForHtmlFormContext\"":{\""name\"":\""customer_interaction_process_assign_responsible_form\""}}"",""checkpoints"":[""고객의 문의 내용을 확인하고 담당자를 지정""],""description"":""담당자 전달 description"",""instruction"":""담당자 전달 instruction""},{""id"":""customer_interaction"",""name"":""고객 응대"",""role"":""담당자"",""tool"":""formHandler:customer_interaction_process_customer_interaction_form"",""type"":""userTask"",""process"":""customer_interaction_process"",""duration"":5,""inputData"":[],""outputData"":[""customer_interaction_process_assign_responsible_form""],""properties"":""{\""parameters\"":[{\""argument\"":{\""text\"":\""customer_interaction_process_assign_responsible_form\""},\""variable\"":{\""name\"":\""customer_interaction_process_assign_responsible_form\""},\""direction\"":\""OUT\""}],\""duration\"":\""10\""}"",""description"":""고객 응대 description"",""instruction"":""고객 응대 instruction""},{""id"":""report_and_record"",""name"":""완료 보고 및 기록"",""role"":""담당자"",""tool"":""formHandler:customer_interaction_process_customer_interaction_form"",""type"":""userTask"",""process"":""customer_interaction_process"",""duration"":5,""inputData"":[],""outputData"":[""customer_interaction_process_customer_interaction_form""],""properties"":""{\""parameters\"":[{\""argument\"":{\""text\"":\""customer_interaction_process_customer_interaction_form\""},\""variable\"":{\""name\"":\""customer_interaction_process_customer_interaction_form\""},\""direction\"":\""OUT\""}],\""duration\"":\""5\"",\""_type\"":\""org.uengine.kernel.FormActivity\"",\""role\"":{\""name\"":\""\""},\""variableForHtmlFormContext\"":{\""name\"":\""customer_interaction_process_customer_interaction_form\""}}"",""checkpoints"":[""고객 응대 결과를 기록""],""description"":""완료 보고 및 기록 description"",""instruction"":""완료 보고 및 기록 instruction""}],""description"":""process.description"",""participants"":{""id"":""Participant"",""name"":""Participant"",""processRef"":""customer_interaction_process""},""shortDescription"":null,""instanceNamePattern"":null,""processDefinitionId"":""customer_interaction_process"",""processDefinitionName"":""고객 응대 프로세스""}","<?xml version=""1.0"" encoding=""UTF-8""?>
<bpmn:definitions xmlns:xsi=""http://www.w3.org/2001/XMLSchema-instance"" xmlns:bpmn=""http://www.omg.org/spec/BPMN/20100524/MODEL"" xmlns:bpmndi=""http://www.omg.org/spec/BPMN/20100524/DI"" xmlns:uengine=""http://uengine"" xmlns:dc=""http://www.omg.org/spec/DD/20100524/DC"" xmlns:di=""http://www.omg.org/spec/DD/20100524/DI"" id=""Definitions_customer_interaction_process"" name=""고객 응대 프로세스"" targetNamespace=""http://bpmn.io/schema/bpmn"" exporter=""Custom BPMN Modeler"" exporterVersion=""1.0"">
  <bpmn:collaboration id=""Collaboration_1"">
    <bpmn:participant id=""Participant"" name=""Participant"" processRef=""customer_interaction_process"" />
  </bpmn:collaboration>
  <bpmn:process id=""customer_interaction_process"" isExecutable=""true"">
    <bpmn:extensionElements>
      <uengine:properties>
        <uengine:json>{""definitionName"":""고객 응대 프로세스"",""version"":null,""shortDescription"":{""text"":null}}</uengine:json>
        <uengine:variable name=""접수된 문의 내용"" type=""Form"">
          <uengine:json>{""defaultValue"":{""_type"":""org.uengine.contexts.HtmlFormContext"",""formDefId"":""customer_interaction_process_inquiry_receipt_form"",""filePath"":""customer_interaction_process_inquiry_receipt_form.form""},""name"":""접수된 문의 내용"",""type"":""Form"",""datasource"":{""type"":""BPMN"",""sql"":""""}}</uengine:json>
        </uengine:variable>
        <uengine:variable name=""담당자"" type=""Form"">
          <uengine:json>{""defaultValue"":{""_type"":""org.uengine.contexts.HtmlFormContext"",""formDefId"":""customer_interaction_process_assign_responsible_form"",""filePath"":""customer_interaction_process_assign_responsible_form.form""},""name"":""담당자"",""type"":""Form"",""datasource"":{""type"":""BPMN"",""sql"":""""}}</uengine:json>
        </uengine:variable>
        <uengine:variable name=""응대 결과"" type=""Form"">
          <uengine:json>{""defaultValue"":{""_type"":""org.uengine.contexts.HtmlFormContext"",""formDefId"":"""",""filePath"":"".form""},""name"":""응대 결과"",""type"":""Form"",""datasource"":{""type"":""BPMN"",""sql"":""""}}</uengine:json>
        </uengine:variable>
      </uengine:properties>
    </bpmn:extensionElements>
    <bpmn:laneSet id=""LaneSet_1"">
      <bpmn:lane id=""Lane_0"" name=""직원"">
        <bpmn:flowNodeRef>assign_responsible</bpmn:flowNodeRef>
      </bpmn:lane>
      <bpmn:lane id=""Lane_1"" name=""담당자"">
        <bpmn:flowNodeRef>end_event</bpmn:flowNodeRef>
        <bpmn:flowNodeRef>report_and_record</bpmn:flowNodeRef>
        <bpmn:flowNodeRef>customer_interaction</bpmn:flowNodeRef>
      </bpmn:lane>
      <bpmn:lane id=""Lane_1tra1qi"" name=""고객"">
        <bpmn:extensionElements>
          <uengine:properties>
            <uengine:json>{}</uengine:json>
          </uengine:properties>
        </bpmn:extensionElements>
        <bpmn:flowNodeRef>start_event</bpmn:flowNodeRef>
        <bpmn:flowNodeRef>inquiry_receipt</bpmn:flowNodeRef>
      </bpmn:lane>
    </bpmn:laneSet>
    <bpmn:sequenceFlow id=""SequenceFlow_start_event_inquiry_receipt"" name="""" sourceRef=""start_event"" targetRef=""inquiry_receipt"" />
    <bpmn:sequenceFlow id=""SequenceFlow_inquiry_receipt_assign_responsible"" name="""" sourceRef=""inquiry_receipt"" targetRef=""assign_responsible"" />
    <bpmn:sequenceFlow id=""SequenceFlow_assign_responsible_customer_interaction"" name="""" sourceRef=""assign_responsible"" targetRef=""customer_interaction"" />
    <bpmn:sequenceFlow id=""SequenceFlow_customer_interaction_report_and_record"" name="""" sourceRef=""customer_interaction"" targetRef=""report_and_record"" />
    <bpmn:sequenceFlow id=""SequenceFlow_report_and_record_end_event"" name="""" sourceRef=""report_and_record"" targetRef=""end_event"" />
    <bpmn:startEvent id=""start_event"" name=""프로세스 시작"" />
    <bpmn:userTask id=""inquiry_receipt"" name=""문의 접수"">
      <bpmn:extensionElements>
        <uengine:properties>
          <uengine:json>{""parameters"":[{""argument"":{""text"":""customer_interaction_process_inquiry_receipt_form""},""variable"":{""name"":""customer_interaction_process_inquiry_receipt_form""},""direction"":""OUT""},{""argument"":{""text"":""customer_interaction_process_inquiry_receipt_form""},""variable"":{""name"":""customer_interaction_process_inquiry_receipt_form""},""direction"":""IN""}],""duration"":""5"",""_type"":""org.uengine.kernel.FormActivity"",""role"":{""name"":""""},""variableForHtmlFormContext"":{""name"":""customer_interaction_process_inquiry_receipt_form""}}</uengine:json>
        </uengine:properties>
      </bpmn:extensionElements>
      <bpmn:incoming>SequenceFlow_start_event_inquiry_receipt</bpmn:incoming>
      <bpmn:outgoing>SequenceFlow_inquiry_receipt_assign_responsible</bpmn:outgoing>
    </bpmn:userTask>
    <bpmn:userTask id=""assign_responsible"" name=""담당자 전달"">
      <bpmn:extensionElements>
        <uengine:properties>
          <uengine:json>{""parameters"":[{""argument"":{""text"":""customer_interaction_process_inquiry_receipt_form""},""variable"":{""name"":""customer_interaction_process_inquiry_receipt_form""},""direction"":""OUT""},{""argument"":{""text"":""customer_interaction_process_assign_responsible_form""},""variable"":{""name"":""customer_interaction_process_assign_responsible_form""},""direction"":""IN""}],""duration"":""5"",""_type"":""org.uengine.kernel.FormActivity"",""role"":{""name"":""""},""variableForHtmlFormContext"":{""name"":""customer_interaction_process_assign_responsible_form""}}</uengine:json>
        </uengine:properties>
      </bpmn:extensionElements>
      <bpmn:incoming>SequenceFlow_inquiry_receipt_assign_responsible</bpmn:incoming>
      <bpmn:outgoing>SequenceFlow_assign_responsible_customer_interaction</bpmn:outgoing>
    </bpmn:userTask>
    <bpmn:userTask id=""customer_interaction"" name=""고객 응대"">
      <bpmn:extensionElements>
        <uengine:properties>
          <uengine:json>{""parameters"":[{""argument"":{""text"":""customer_interaction_process_assign_responsible_form""},""variable"":{""name"":""customer_interaction_process_assign_responsible_form""},""direction"":""OUT""}],""duration"":""10""}</uengine:json>
        </uengine:properties>
      </bpmn:extensionElements>
      <bpmn:incoming>SequenceFlow_assign_responsible_customer_interaction</bpmn:incoming>
      <bpmn:outgoing>SequenceFlow_customer_interaction_report_and_record</bpmn:outgoing>
    </bpmn:userTask>
    <bpmn:userTask id=""report_and_record"" name=""완료 보고 및 기록"">
      <bpmn:extensionElements>
        <uengine:properties>
          <uengine:json>{""parameters"":[{""argument"":{""text"":""customer_interaction_process_customer_interaction_form""},""variable"":{""name"":""customer_interaction_process_customer_interaction_form""},""direction"":""OUT""}],""duration"":""5"",""_type"":""org.uengine.kernel.FormActivity"",""role"":{""name"":""""},""variableForHtmlFormContext"":{""name"":""customer_interaction_process_customer_interaction_form""}}</uengine:json>
        </uengine:properties>
      </bpmn:extensionElements>
      <bpmn:incoming>SequenceFlow_customer_interaction_report_and_record</bpmn:incoming>
      <bpmn:outgoing>SequenceFlow_report_and_record_end_event</bpmn:outgoing>
    </bpmn:userTask>
    <bpmn:endEvent id=""end_event"" name=""프로세스 종료"" />
  </bpmn:process>
  <bpmndi:BPMNDiagram id=""BPMNDiagram_1"">
    <bpmndi:BPMNPlane id=""BPMNPlane_1"" bpmnElement=""Collaboration_1"">
      <bpmndi:BPMNShape id=""Participant_1"" bpmnElement=""Participant"" isHorizontal=""false"">
        <dc:Bounds x=""0"" y=""80"" width=""430"" height=""900"" />
      </bpmndi:BPMNShape>
      <bpmndi:BPMNShape id=""Lane_1tra1qi_di"" bpmnElement=""Lane_1tra1qi"" isHorizontal=""false"">
        <dc:Bounds x=""0"" y=""110"" width=""130"" height=""870"" />
        <bpmndi:BPMNLabel />
      </bpmndi:BPMNShape>
      <bpmndi:BPMNShape id=""BPMNShape_1"" bpmnElement=""Lane_1"" isHorizontal=""false"">
        <dc:Bounds x=""280"" y=""110"" width=""150"" height=""870"" />
      </bpmndi:BPMNShape>
      <bpmndi:BPMNShape id=""BPMNShape_0"" bpmnElement=""Lane_0"" isHorizontal=""false"">
        <dc:Bounds x=""130"" y=""110"" width=""150"" height=""870"" />
      </bpmndi:BPMNShape>
      <bpmndi:BPMNShape id=""Shape_start_event"" bpmnElement=""start_event"">
        <dc:Bounds x=""53"" y=""153"" width=""34"" height=""34"" />
        <bpmndi:BPMNLabel>
          <dc:Bounds x=""37"" y=""129"" width=""65"" height=""14"" />
        </bpmndi:BPMNLabel>
      </bpmndi:BPMNShape>
      <bpmndi:BPMNShape id=""BPMNShape_inquiry_receipt"" bpmnElement=""inquiry_receipt"">
        <dc:Bounds x=""20"" y=""260"" width=""100"" height=""80"" />
        <bpmndi:BPMNLabel />
      </bpmndi:BPMNShape>
      <bpmndi:BPMNShape id=""BPMNShape_assign_responsible"" bpmnElement=""assign_responsible"">
        <dc:Bounds x=""150"" y=""410"" width=""100"" height=""80"" />
        <bpmndi:BPMNLabel />
      </bpmndi:BPMNShape>
      <bpmndi:BPMNShape id=""BPMNShape_customer_interaction"" bpmnElement=""customer_interaction"">
        <dc:Bounds x=""300"" y=""590"" width=""100"" height=""80"" />
      </bpmndi:BPMNShape>
      <bpmndi:BPMNShape id=""BPMNShape_report_and_record"" bpmnElement=""report_and_record"">
        <dc:Bounds x=""300"" y=""720"" width=""100"" height=""80"" />
        <bpmndi:BPMNLabel />
      </bpmndi:BPMNShape>
      <bpmndi:BPMNShape id=""Shape_end_event"" bpmnElement=""end_event"">
        <dc:Bounds x=""333"" y=""883"" width=""34"" height=""34"" />
        <bpmndi:BPMNLabel>
          <dc:Bounds x=""318"" y=""923"" width=""64"" height=""14"" />
        </bpmndi:BPMNLabel>
      </bpmndi:BPMNShape>
      <bpmndi:BPMNEdge id=""BPMNEdge_start_event_inquiry_receipt"" bpmnElement=""SequenceFlow_start_event_inquiry_receipt"">
        <di:waypoint x=""70"" y=""187"" />
        <di:waypoint x=""70"" y=""260"" />
      </bpmndi:BPMNEdge>
      <bpmndi:BPMNEdge id=""BPMNEdge_inquiry_receipt_assign_responsible"" bpmnElement=""SequenceFlow_inquiry_receipt_assign_responsible"">
        <di:waypoint x=""70"" y=""340"" />
        <di:waypoint x=""70"" y=""370"" />
        <di:waypoint x=""200"" y=""370"" />
        <di:waypoint x=""200"" y=""410"" />
      </bpmndi:BPMNEdge>
      <bpmndi:BPMNEdge id=""BPMNEdge_assign_responsible_customer_interaction"" bpmnElement=""SequenceFlow_assign_responsible_customer_interaction"">
        <di:waypoint x=""200"" y=""490"" />
        <di:waypoint x=""200"" y=""530"" />
        <di:waypoint x=""350"" y=""530"" />
        <di:waypoint x=""350"" y=""590"" />
      </bpmndi:BPMNEdge>
      <bpmndi:BPMNEdge id=""BPMNEdge_customer_interaction_report_and_record"" bpmnElement=""SequenceFlow_customer_interaction_report_and_record"">
        <di:waypoint x=""350"" y=""670"" />
        <di:waypoint x=""350"" y=""720"" />
      </bpmndi:BPMNEdge>
      <bpmndi:BPMNEdge id=""BPMNEdge_report_and_record_end_event"" bpmnElement=""SequenceFlow_report_and_record_end_event"">
        <di:waypoint x=""350"" y=""800"" />
        <di:waypoint x=""350"" y=""883"" />
      </bpmndi:BPMNEdge>
    </bpmndi:BPMNPlane>
  </bpmndi:BPMNDiagram>
</bpmn:definitions>
",3c5c5c59-a803-4cf3-8254-3f26c3a33c22,localhost
handover_process_definition,업무 인수인계 프로세스,"{""data"":[{""key"":""handover_process_definition_plan_handover_schedule_form"",""name"":""인수인계 일정"",""type"":""Form"",""datasource"":{""sql"":"""",""type"":""BPMN""},""defaultValue"":{""_type"":""org.uengine.contexts.HtmlFormContext"",""filePath"":""handover_process_definition_plan_handover_schedule_form.form"",""formDefId"":""handover_process_definition_plan_handover_schedule_form""}},{""key"":""handover_process_definition_document_manual_form"",""name"":""업무 매뉴얼"",""type"":""Form"",""datasource"":{""sql"":"""",""type"":""BPMN""},""defaultValue"":{""_type"":""org.uengine.contexts.HtmlFormContext"",""filePath"":""handover_process_definition_document_manual_form.form"",""formDefId"":""handover_process_definition_document_manual_form""}},{""key"":""handover_process_definition_get_feedback_form"",""name"":""피드백"",""type"":""Form"",""datasource"":{""sql"":"""",""type"":""BPMN""},""defaultValue"":{""_type"":""org.uengine.contexts.HtmlFormContext"",""filePath"":""handover_process_definition_get_feedback_form.form"",""formDefId"":""handover_process_definition_get_feedback_form""}},{""key"":""handover_process_definition_final_documentation_form"",""name"":""최종 문서"",""type"":""Form"",""datasource"":{""sql"":"""",""type"":""BPMN""},""defaultValue"":{""_type"":""org.uengine.contexts.HtmlFormContext"",""filePath"":""handover_process_definition_final_documentation_form.form"",""formDefId"":""handover_process_definition_final_documentation_form""}}],""roles"":[{""name"":""직원"",""endpoint"":"""",""resolutionRule"":""system""}],""events"":[{""id"":""start_event"",""name"":""시작 이벤트"",""role"":""직원"",""type"":""startEvent"",""process"":""handover_process_definition"",""properties"":""{}"",""description"":""start event""},{""id"":""end_event"",""name"":""종료 이벤트"",""role"":""직원"",""type"":""endEvent"",""process"":""handover_process_definition"",""properties"":""{}"",""description"":""start event""}],""version"":null,""gateways"":[],""sequences"":[{""id"":""SequenceFlow_start_event_plan_handover_schedule"",""source"":""start_event"",""target"":""plan_handover_schedule"",""condition"":"""",""properties"":""{}""},{""id"":""SequenceFlow_plan_handover_schedule_document_manual"",""source"":""plan_handover_schedule"",""target"":""document_manual"",""condition"":"""",""properties"":""{}""},{""id"":""SequenceFlow_document_manual_conduct_training"",""source"":""document_manual"",""target"":""conduct_training"",""condition"":"""",""properties"":""{}""},{""id"":""SequenceFlow_conduct_training_get_feedback"",""source"":""conduct_training"",""target"":""get_feedback"",""condition"":"""",""properties"":""{}""},{""id"":""SequenceFlow_get_feedback_final_documentation"",""source"":""get_feedback"",""target"":""final_documentation"",""condition"":"""",""properties"":""{}""},{""id"":""SequenceFlow_final_documentation_end_event"",""source"":""final_documentation"",""target"":""end_event"",""condition"":"""",""properties"":""{}""}],""activities"":[{""id"":""plan_handover_schedule"",""name"":""인수인계 일정 계획"",""role"":""직원"",""tool"":""formHandler:handover_process_definition_plan_handover_schedule_form"",""type"":""userTask"",""process"":""handover_process_definition"",""duration"":5,""inputData"":[""handover_process_definition_plan_handover_schedule_form""],""outputData"":[],""properties"":""{\""parameters\"":[{\""argument\"":{\""text\"":\""handover_process_definition_plan_handover_schedule_form\""},\""variable\"":{\""name\"":\""handover_process_definition_plan_handover_schedule_form\""},\""direction\"":\""IN\""}],\""duration\"":\""5\"",\""_type\"":\""org.uengine.kernel.FormActivity\"",\""role\"":{\""name\"":\""\""},\""variableForHtmlFormContext\"":{\""name\"":\""handover_process_definition_plan_handover_schedule_form\""}}"",""checkpoints"":[""인수인계 일정을 조율하여 계획을 수립하세요.""],""description"":""인수인계 일정 계획 description"",""instruction"":""인수인계 일정 계획 instruction""},{""id"":""document_manual"",""name"":""업무 매뉴얼 문서화"",""role"":""직원"",""tool"":""formHandler:handover_process_definition_document_manual_form"",""type"":""userTask"",""process"":""handover_process_definition"",""duration"":5,""inputData"":[""handover_process_definition_document_manual_form""],""outputData"":[],""properties"":""{\""parameters\"":[{\""argument\"":{\""text\"":\""handover_process_definition_document_manual_form\""},\""variable\"":{\""name\"":\""handover_process_definition_document_manual_form\""},\""direction\"":\""IN\""}],\""duration\"":\""5\"",\""_type\"":\""org.uengine.kernel.FormActivity\"",\""role\"":{\""name\"":\""\""},\""variableForHtmlFormContext\"":{\""name\"":\""handover_process_definition_document_manual_form\""}}"",""checkpoints"":[""인수인계할 업무 매뉴얼을 작성하세요.""],""description"":""업무 매뉴얼 문서화 description"",""instruction"":""업무 매뉴얼 문서화 instruction""},{""id"":""conduct_training"",""name"":""인수인계 진행"",""role"":""직원"",""tool"":""formHandler:handover_process_definition_conduct_training_form"",""type"":""userTask"",""process"":""handover_process_definition"",""duration"":5,""inputData"":[],""outputData"":[""업무 매뉴얼""],""properties"":""{\""parameters\"":[{\""argument\"":{\""text\"":\""업무 매뉴얼\""},\""variable\"":{\""name\"":\""업무 매뉴얼\""},\""direction\"":\""OUT\""}],\""duration\"":\""5\"",\""_type\"":\""org.uengine.kernel.FormActivity\"",\""role\"":{\""name\"":\""\""},\""variableForHtmlFormContext\"":{\""name\"":\""handover_process_definition_conduct_training_form\""}}"",""checkpoints"":[""""],""description"":""인수인계 교육 description"",""instruction"":""인수인계 교육 instruction""},{""id"":""get_feedback"",""name"":""업무 확인 및 피드백"",""role"":""직원"",""tool"":""formHandler:handover_process_definition_get_feedback_form"",""type"":""userTask"",""process"":""handover_process_definition"",""duration"":5,""inputData"":[""handover_process_definition_get_feedback_form""],""outputData"":[],""properties"":""{\""parameters\"":[{\""argument\"":{\""text\"":\""handover_process_definition_get_feedback_form\""},\""variable\"":{\""name\"":\""handover_process_definition_get_feedback_form\""},\""direction\"":\""IN\""}],\""duration\"":\""5\"",\""_type\"":\""org.uengine.kernel.FormActivity\"",\""role\"":{\""name\"":\""\""},\""variableForHtmlFormContext\"":{\""name\"":\""handover_process_definition_get_feedback_form\""}}"",""description"":""업무 확인 및 피드백 description"",""instruction"":""업무 확인 및 피드백 instruction""},{""id"":""final_documentation"",""name"":""최종 문서 작성"",""role"":""직원"",""tool"":""formHandler:handover_process_definition_final_documentation_form"",""type"":""userTask"",""process"":""handover_process_definition"",""duration"":5,""inputData"":[""handover_process_definition_final_documentation_form""],""outputData"":[],""properties"":""{\""parameters\"":[{\""argument\"":{\""text\"":\""handover_process_definition_final_documentation_form\""},\""variable\"":{\""name\"":\""handover_process_definition_final_documentation_form\""},\""direction\"":\""IN\""}],\""duration\"":\""5\"",\""_type\"":\""org.uengine.kernel.FormActivity\"",\""role\"":{\""name\"":\""\""},\""variableForHtmlFormContext\"":{\""name\"":\""handover_process_definition_final_documentation_form\""}}"",""description"":""최종 문서 작성 description"",""instruction"":""최종 문서 작성 instruction""}],""description"":""process.description"",""participants"":{""id"":""Participant"",""name"":""Participant"",""processRef"":""handover_process_definition""},""shortDescription"":null,""instanceNamePattern"":null,""processDefinitionId"":""handover_process_definition"",""processDefinitionName"":""업무 인수인계 프로세스""}","<?xml version=""1.0"" encoding=""UTF-8""?>
<bpmn:definitions xmlns:xsi=""http://www.w3.org/2001/XMLSchema-instance"" xmlns:bpmn=""http://www.omg.org/spec/BPMN/20100524/MODEL"" xmlns:bpmndi=""http://www.omg.org/spec/BPMN/20100524/DI"" xmlns:dc=""http://www.omg.org/spec/DD/20100524/DC"" xmlns:uengine=""http://uengine"" id=""Definitions_handover_process_definition"" name=""업무 인수인계 프로세스"" targetNamespace=""http://bpmn.io/schema/bpmn"" exporter=""Custom BPMN Modeler"" exporterVersion=""1.0"">
  <bpmn:collaboration id=""Collaboration_1"">
    <bpmn:participant id=""Participant"" name=""Participant"" processRef=""handover_process_definition"" />
  </bpmn:collaboration>
  <bpmn:process id=""handover_process_definition"" isExecutable=""true"">
    <bpmn:extensionElements>
      <uengine:properties>
        <uengine:json>{""definitionName"":""업무 인수인계 프로세스"",""version"":null,""shortDescription"":{""text"":null}}</uengine:json>
        <uengine:variable name=""인수인계 일정"" type=""Form"">
          <uengine:json>{""defaultValue"":{""_type"":""org.uengine.contexts.HtmlFormContext"",""formDefId"":""handover_process_definition_plan_handover_schedule_form"",""filePath"":""handover_process_definition_plan_handover_schedule_form.form""},""name"":""인수인계 일정"",""type"":""Form"",""datasource"":{""type"":""BPMN"",""sql"":""""},""key"":""handover_process_definition_plan_handover_schedule_form""}</uengine:json>
        </uengine:variable>
        <uengine:variable name=""업무 매뉴얼"" type=""Form"">
          <uengine:json>{""defaultValue"":{""_type"":""org.uengine.contexts.HtmlFormContext"",""formDefId"":""handover_process_definition_document_manual_form"",""filePath"":""handover_process_definition_document_manual_form.form""},""name"":""업무 매뉴얼"",""type"":""Form"",""datasource"":{""type"":""BPMN"",""sql"":""""},""key"":""handover_process_definition_document_manual_form""}</uengine:json>
        </uengine:variable>
        <uengine:variable name=""피드백"" type=""Form"">
          <uengine:json>{""defaultValue"":{""_type"":""org.uengine.contexts.HtmlFormContext"",""formDefId"":""handover_process_definition_get_feedback_form"",""filePath"":""handover_process_definition_get_feedback_form.form""},""name"":""피드백"",""type"":""Form"",""datasource"":{""type"":""BPMN"",""sql"":""""},""key"":""handover_process_definition_get_feedback_form""}</uengine:json>
        </uengine:variable>
        <uengine:variable name=""최종 문서"" type=""Form"">
          <uengine:json>{""defaultValue"":{""_type"":""org.uengine.contexts.HtmlFormContext"",""formDefId"":""handover_process_definition_final_documentation_form"",""filePath"":""handover_process_definition_final_documentation_form.form""},""name"":""최종 문서"",""type"":""Form"",""datasource"":{""type"":""BPMN"",""sql"":""""},""key"":""handover_process_definition_final_documentation_form""}</uengine:json>
        </uengine:variable>
      </uengine:properties>
    </bpmn:extensionElements>
    <bpmn:laneSet id=""LaneSet_1"">
      <bpmn:lane id=""Lane_0"" name=""직원"">
        <bpmn:flowNodeRef>plan_handover_schedule</bpmn:flowNodeRef>
        <bpmn:flowNodeRef>document_manual</bpmn:flowNodeRef>
        <bpmn:flowNodeRef>conduct_training</bpmn:flowNodeRef>
        <bpmn:flowNodeRef>get_feedback</bpmn:flowNodeRef>
        <bpmn:flowNodeRef>final_documentation</bpmn:flowNodeRef>
      </bpmn:lane>
    </bpmn:laneSet>
    <bpmn:sequenceFlow id=""SequenceFlow_start_event_plan_handover_schedule"" name="""" sourceRef=""start_event"" targetRef=""plan_handover_schedule"" />
    <bpmn:sequenceFlow id=""SequenceFlow_plan_handover_schedule_document_manual"" name="""" sourceRef=""plan_handover_schedule"" targetRef=""document_manual"" />
    <bpmn:sequenceFlow id=""SequenceFlow_document_manual_conduct_training"" name="""" sourceRef=""document_manual"" targetRef=""conduct_training"" />
    <bpmn:sequenceFlow id=""SequenceFlow_conduct_training_get_feedback"" name="""" sourceRef=""conduct_training"" targetRef=""get_feedback"" />
    <bpmn:sequenceFlow id=""SequenceFlow_get_feedback_final_documentation"" name="""" sourceRef=""get_feedback"" targetRef=""final_documentation"" />
    <bpmn:sequenceFlow id=""SequenceFlow_final_documentation_end_event"" name="""" sourceRef=""final_documentation"" targetRef=""end_event"" />
    <bpmn:startEvent id=""start_event"" name=""시작 이벤트"" />
    <bpmn:userTask id=""plan_handover_schedule"" name=""인수인계 일정 계획"">
      <bpmn:extensionElements>
        <uengine:properties>
          <uengine:json>{""parameters"":[{""argument"":{""text"":""handover_process_definition_plan_handover_schedule_form""},""variable"":{""name"":""handover_process_definition_plan_handover_schedule_form""},""direction"":""IN""}],""duration"":""5"",""_type"":""org.uengine.kernel.FormActivity"",""role"":{""name"":""""},""variableForHtmlFormContext"":{""name"":""handover_process_definition_plan_handover_schedule_form""}}</uengine:json>
        </uengine:properties>
      </bpmn:extensionElements>
      <bpmn:incoming>SequenceFlow_start_event_plan_handover_schedule</bpmn:incoming>
      <bpmn:outgoing>SequenceFlow_plan_handover_schedule_document_manual</bpmn:outgoing>
    </bpmn:userTask>
    <bpmn:userTask id=""document_manual"" name=""업무 매뉴얼 문서화"">
      <bpmn:extensionElements>
        <uengine:properties>
          <uengine:json>{""parameters"":[{""argument"":{""text"":""handover_process_definition_document_manual_form""},""variable"":{""name"":""handover_process_definition_document_manual_form""},""direction"":""IN""}],""duration"":""5"",""_type"":""org.uengine.kernel.FormActivity"",""role"":{""name"":""""},""variableForHtmlFormContext"":{""name"":""handover_process_definition_document_manual_form""}}</uengine:json>
        </uengine:properties>
      </bpmn:extensionElements>
      <bpmn:incoming>SequenceFlow_plan_handover_schedule_document_manual</bpmn:incoming>
      <bpmn:outgoing>SequenceFlow_document_manual_conduct_training</bpmn:outgoing>
    </bpmn:userTask>
    <bpmn:userTask id=""conduct_training"" name=""인수인계 진행"">
      <bpmn:extensionElements>
        <uengine:properties>
          <uengine:json>{""parameters"":[{""argument"":{""text"":""업무 매뉴얼""},""variable"":{""name"":""업무 매뉴얼""},""direction"":""OUT""}],""duration"":""5"",""_type"":""org.uengine.kernel.FormActivity"",""role"":{""name"":""""},""variableForHtmlFormContext"":{""name"":""handover_process_definition_conduct_training_form""}}</uengine:json>
        </uengine:properties>
      </bpmn:extensionElements>
      <bpmn:incoming>SequenceFlow_document_manual_conduct_training</bpmn:incoming>
      <bpmn:outgoing>SequenceFlow_conduct_training_get_feedback</bpmn:outgoing>
    </bpmn:userTask>
    <bpmn:userTask id=""get_feedback"" name=""업무 확인 및 피드백"">
      <bpmn:extensionElements>
        <uengine:properties>
          <uengine:json>{""parameters"":[{""argument"":{""text"":""handover_process_definition_get_feedback_form""},""variable"":{""name"":""handover_process_definition_get_feedback_form""},""direction"":""IN""}],""duration"":""5"",""_type"":""org.uengine.kernel.FormActivity"",""role"":{""name"":""""},""variableForHtmlFormContext"":{""name"":""handover_process_definition_get_feedback_form""}}</uengine:json>
        </uengine:properties>
      </bpmn:extensionElements>
      <bpmn:incoming>SequenceFlow_conduct_training_get_feedback</bpmn:incoming>
      <bpmn:outgoing>SequenceFlow_get_feedback_final_documentation</bpmn:outgoing>
    </bpmn:userTask>
    <bpmn:userTask id=""final_documentation"" name=""최종 문서 작성"">
      <bpmn:extensionElements>
        <uengine:properties>
          <uengine:json>{""parameters"":[{""argument"":{""text"":""handover_process_definition_final_documentation_form""},""variable"":{""name"":""handover_process_definition_final_documentation_form""},""direction"":""IN""}],""duration"":""5"",""_type"":""org.uengine.kernel.FormActivity"",""role"":{""name"":""""},""variableForHtmlFormContext"":{""name"":""handover_process_definition_final_documentation_form""}}</uengine:json>
        </uengine:properties>
      </bpmn:extensionElements>
      <bpmn:incoming>SequenceFlow_get_feedback_final_documentation</bpmn:incoming>
      <bpmn:outgoing>SequenceFlow_final_documentation_end_event</bpmn:outgoing>
    </bpmn:userTask>
    <bpmn:endEvent id=""end_event"" name=""종료 이벤트"" />
  </bpmn:process>
  <bpmndi:BPMNDiagram id=""BPMNDiagram_1"">
    <bpmndi:BPMNPlane id=""BPMNPlane_1"" bpmnElement=""Collaboration_1"">
      <bpmndi:BPMNShape id=""Participant_1"" bpmnElement=""Participant"" isHorizontal=""false"">
        <dc:Bounds x=""30"" y=""30"" width=""150"" height=""900"" />
      </bpmndi:BPMNShape>
      <bpmndi:BPMNShape id=""BPMNShape_0"" bpmnElement=""Lane_0"" isHorizontal=""false"">
        <dc:Bounds x=""30"" y=""60"" width=""150"" height=""870"" />
      </bpmndi:BPMNShape>
      <bpmndi:BPMNShape id=""Shape_start_event"" bpmnElement=""start_event"">
        <dc:Bounds x=""83"" y=""83"" width=""34"" height=""34"" />
        <bpmndi:BPMNLabel>
          <dc:Bounds x=""68"" y=""123"" width=""64"" height=""14"" />
        </bpmndi:BPMNLabel>
      </bpmndi:BPMNShape>
      <bpmndi:BPMNShape id=""BPMNShape_plan_handover_schedule"" bpmnElement=""plan_handover_schedule"">
        <dc:Bounds x=""50"" y=""160"" width=""100"" height=""80"" />
        <bpmndi:BPMNLabel />
      </bpmndi:BPMNShape>
      <bpmndi:BPMNShape id=""BPMNShape_document_manual"" bpmnElement=""document_manual"">
        <dc:Bounds x=""50"" y=""260"" width=""100"" height=""80"" />
        <bpmndi:BPMNLabel />
      </bpmndi:BPMNShape>
      <bpmndi:BPMNShape id=""BPMNShape_conduct_training"" bpmnElement=""conduct_training"">
        <dc:Bounds x=""50"" y=""360"" width=""100"" height=""80"" />
        <bpmndi:BPMNLabel />
      </bpmndi:BPMNShape>
      <bpmndi:BPMNShape id=""BPMNShape_get_feedback"" bpmnElement=""get_feedback"">
        <dc:Bounds x=""50"" y=""460"" width=""100"" height=""80"" />
        <bpmndi:BPMNLabel />
      </bpmndi:BPMNShape>
      <bpmndi:BPMNShape id=""BPMNShape_final_documentation"" bpmnElement=""final_documentation"">
        <dc:Bounds x=""50"" y=""560"" width=""100"" height=""80"" />
        <bpmndi:BPMNLabel />
      </bpmndi:BPMNShape>
      <bpmndi:BPMNShape id=""Shape_end_event"" bpmnElement=""end_event"">
        <dc:Bounds x=""83"" y=""883"" width=""34"" height=""34"" />
        <bpmndi:BPMNLabel>
          <dc:Bounds x=""68"" y=""923"" width=""64"" height=""14"" />
        </bpmndi:BPMNLabel>
      </bpmndi:BPMNShape>
      <bpmndi:BPMNEdge id=""BPMNEdge_start_event_plan_handover_schedule"" bpmnElement=""SequenceFlow_start_event_plan_handover_schedule"">
        <di:waypoint xmlns:di=""http://www.omg.org/spec/DD/20100524/DI"" x=""100"" y=""117"" />
        <di:waypoint xmlns:di=""http://www.omg.org/spec/DD/20100524/DI"" x=""100"" y=""160"" />
      </bpmndi:BPMNEdge>
      <bpmndi:BPMNEdge id=""BPMNEdge_plan_handover_schedule_document_manual"" bpmnElement=""SequenceFlow_plan_handover_schedule_document_manual"">
        <di:waypoint xmlns:di=""http://www.omg.org/spec/DD/20100524/DI"" x=""100"" y=""240"" />
        <di:waypoint xmlns:di=""http://www.omg.org/spec/DD/20100524/DI"" x=""100"" y=""260"" />
      </bpmndi:BPMNEdge>
      <bpmndi:BPMNEdge id=""BPMNEdge_document_manual_conduct_training"" bpmnElement=""SequenceFlow_document_manual_conduct_training"">
        <di:waypoint xmlns:di=""http://www.omg.org/spec/DD/20100524/DI"" x=""100"" y=""340"" />
        <di:waypoint xmlns:di=""http://www.omg.org/spec/DD/20100524/DI"" x=""100"" y=""360"" />
      </bpmndi:BPMNEdge>
      <bpmndi:BPMNEdge id=""BPMNEdge_conduct_training_get_feedback"" bpmnElement=""SequenceFlow_conduct_training_get_feedback"">
        <di:waypoint xmlns:di=""http://www.omg.org/spec/DD/20100524/DI"" x=""100"" y=""440"" />
        <di:waypoint xmlns:di=""http://www.omg.org/spec/DD/20100524/DI"" x=""100"" y=""460"" />
      </bpmndi:BPMNEdge>
      <bpmndi:BPMNEdge id=""BPMNEdge_get_feedback_final_documentation"" bpmnElement=""SequenceFlow_get_feedback_final_documentation"">
        <di:waypoint xmlns:di=""http://www.omg.org/spec/DD/20100524/DI"" x=""100"" y=""540"" />
        <di:waypoint xmlns:di=""http://www.omg.org/spec/DD/20100524/DI"" x=""100"" y=""560"" />
      </bpmndi:BPMNEdge>
      <bpmndi:BPMNEdge id=""BPMNEdge_final_documentation_end_event"" bpmnElement=""SequenceFlow_final_documentation_end_event"">
        <di:waypoint xmlns:di=""http://www.omg.org/spec/DD/20100524/DI"" x=""100"" y=""640"" />
        <di:waypoint xmlns:di=""http://www.omg.org/spec/DD/20100524/DI"" x=""100"" y=""883"" />
      </bpmndi:BPMNEdge>
    </bpmndi:BPMNPlane>
  </bpmndi:BPMNDiagram>
</bpmn:definitions>
",9f2b5758-eb2e-4dba-ac41-59f64fc92ee6,localhost
leave_request_and_approval_process,휴가 신청 및 승인 프로세스,"{""data"":[{""name"":""remaining_leave_days"",""type"":""text"",""description"":""잔여 휴가 일수""},{""name"":""leave_reason"",""type"":""text"",""description"":""휴가 신청 사유""},{""name"":""leave_start_date"",""type"":""text"",""description"":""휴가 시작일""},{""name"":""leave_end_date"",""type"":""text"",""description"":""휴가 복귀일""}],""roles"":[{""name"":""직원"",""endpoint"":"""",""resolutionRule"":""휴가 신청을 하는 직원""},{""name"":""팀장"",""endpoint"":"""",""resolutionRule"":""휴가 승인 여부를 결정하는 직원의 팀장""},{""name"":""인사팀"",""endpoint"":"""",""resolutionRule"":""잔여 휴가 일수를 통지하는 인사팀""}],""events"":[{""id"":""end_event"",""name"":""프로세스 종료"",""role"":""직원"",""type"":""endEvent"",""process"":""leave_request_and_approval_process"",""properties"":""{}"",""description"":""start event""},{""id"":""Event_1im1uyr"",""name"":""프로세스 종료"",""role"":""직원"",""type"":""endEvent"",""process"":""leave_request_and_approval_process"",""properties"":""{\""parameters\"":[],\""checkpoints\"":[],\""dataInput\"":{\""name\"":\""\""}}"",""description"":""start event""},{""id"":""start_event"",""name"":""프로세스 시작"",""role"":""직원"",""type"":""startEvent"",""process"":""leave_request_and_approval_process"",""properties"":""{}"",""description"":""start event""}],""version"":null,""gateways"":[{""id"":""approval_gateway"",""name"":""승인 여부 결정"",""role"":""팀장"",""type"":""exclusiveGateway"",""process"":""leave_request_and_approval_process"",""condition"":"""",""properties"":""{}"",""description"":""승인 여부 결정 description""}],""sequences"":[{""id"":""SequenceFlow_start_event_submit_leave_request"",""source"":""start_event"",""target"":""submit_leave_request"",""condition"":"""",""properties"":""{}""},{""id"":""SequenceFlow_submit_leave_request_review_leave_request"",""source"":""submit_leave_request"",""target"":""review_leave_request"",""condition"":"""",""properties"":""{}""},{""id"":""SequenceFlow_review_leave_request_approval_gateway"",""source"":""review_leave_request"",""target"":""approval_gateway"",""condition"":"""",""properties"":""{}""},{""id"":""SequenceFlow_approval_gateway_notify_hr"",""source"":""approval_gateway"",""target"":""notify_hr"",""condition"":"""",""properties"":""{\""condition\"":\""승인됨\""}""},{""id"":""SequenceFlow_notify_hr_end_event"",""source"":""notify_hr"",""target"":""end_event"",""condition"":"""",""properties"":""{}""},{""id"":""Flow_1m829fr"",""source"":""approval_gateway"",""target"":""Event_1im1uyr"",""condition"":"""",""properties"":""{\""condition\"":\""휴가 승인 반려\""}""}],""activities"":[{""id"":""submit_leave_request"",""name"":""휴가 신청 제출"",""role"":""직원"",""tool"":""formHandler:leave_request_and_approval_process_submit_leave_request_form"",""type"":""userTask"",""process"":""leave_request_and_approval_process"",""duration"":5,""inputData"":[],""outputData"":[""휴가 신청 사유"",""휴가 시작일"",""휴가 복귀일""],""properties"":""{\""parameters\"":[{\""argument\"":{\""text\"":\""휴가 신청 사유\""},\""variable\"":{\""name\"":\""휴가 신청 사유\""},\""direction\"":\""OUT\""},{\""argument\"":{\""text\"":\""휴가 시작일\""},\""variable\"":{\""name\"":\""휴가 시작일\""},\""direction\"":\""OUT\""},{\""argument\"":{\""text\"":\""휴가 복귀일\""},\""variable\"":{\""name\"":\""휴가 복귀일\""},\""direction\"":\""OUT\""}],\""duration\"":\""5\"",\""_type\"":\""org.uengine.kernel.FormActivity\"",\""role\"":{\""name\"":\""\""},\""variableForHtmlFormContext\"":{\""name\"":\""leave_request_and_approval_process_submit_leave_request_form\""}}"",""checkpoints"":[""휴가 사유, 신청일, 복귀일 모두 필수 입력""],""description"":""휴가 신청 제출 description"",""instruction"":""휴가 신청 제출 instruction""},{""id"":""review_leave_request"",""name"":""휴가 신청 검토"",""role"":""팀장"",""tool"":""formHandler:leave_request_and_approval_process_review_leave_request_form"",""type"":""userTask"",""process"":""leave_request_and_approval_process"",""duration"":5,""inputData"":[],""outputData"":[],""properties"":""{\""parameters\"":[],\""duration\"":\""3\"",\""_type\"":\""org.uengine.kernel.FormActivity\"",\""role\"":{\""name\"":\""\""},\""variableForHtmlFormContext\"":{\""name\"":\""leave_request_and_approval_process_review_leave_request_form\""}}"",""description"":""휴가 신청 검토 description"",""instruction"":""휴가 신청 검토 instruction""},{""id"":""notify_hr"",""name"":""인사팀 통지"",""role"":""인사팀"",""tool"":""formHandler:leave_request_and_approval_process_notify_hr_form"",""type"":""userTask"",""process"":""leave_request_and_approval_process"",""duration"":5,""inputData"":[""잔여 휴가 일수""],""outputData"":[],""properties"":""{\""parameters\"":[{\""argument\"":{\""text\"":\""잔여 휴가 일수\""},\""variable\"":{\""name\"":\""잔여 휴가 일수\""},\""direction\"":\""IN\""}],\""duration\"":\""2\""}"",""description"":""인사팀 통지 description"",""instruction"":""인사팀 통지 instruction""}],""description"":""process.description"",""participants"":{""id"":""Participant"",""name"":""Participant"",""processRef"":""leave_request_and_approval_process""},""shortDescription"":null,""instanceNamePattern"":null,""processDefinitionId"":""leave_request_and_approval_process"",""processDefinitionName"":""휴가 신청 및 승인 프로세스""}","<?xml version=""1.0"" encoding=""UTF-8""?>
<bpmn:definitions xmlns:xsi=""http://www.w3.org/2001/XMLSchema-instance"" xmlns:bpmn=""http://www.omg.org/spec/BPMN/20100524/MODEL"" xmlns:bpmndi=""http://www.omg.org/spec/BPMN/20100524/DI"" xmlns:uengine=""http://uengine"" xmlns:dc=""http://www.omg.org/spec/DD/20100524/DC"" xmlns:di=""http://www.omg.org/spec/DD/20100524/DI"" id=""Definitions_leave_request_approval_process"" name=""휴가 신청 및 승인 프로세스"" targetNamespace=""http://bpmn.io/schema/bpmn"" exporter=""Custom BPMN Modeler"" exporterVersion=""1.0"">
  <bpmn:collaboration id=""Collaboration_1"">
    <bpmn:participant id=""Participant"" name=""Participant"" processRef=""leave_request_approval_process"" />
  </bpmn:collaboration>
  <bpmn:process id=""leave_request_approval_process"" isExecutable=""true"">
    <bpmn:extensionElements>
      <uengine:properties>
        <uengine:json>{""definitionName"":""휴가 신청 및 승인 프로세스"",""version"":null,""shortDescription"":{""text"":null}}</uengine:json>
        <uengine:variable name=""휴가 신청 사유"" type=""Text"">
          <uengine:json>{""defaultValue"":""""}</uengine:json>
        </uengine:variable>
        <uengine:variable name=""휴가 시작일"" type=""Date"">
          <uengine:json>{""defaultValue"":""""}</uengine:json>
        </uengine:variable>
        <uengine:variable name=""휴가 복귀일"" type=""Date"">
          <uengine:json>{""defaultValue"":""""}</uengine:json>
        </uengine:variable>
        <uengine:variable name=""잔여 휴가 일수"" type=""Number"">
          <uengine:json>{""defaultValue"":""""}</uengine:json>
        </uengine:variable>
      </uengine:properties>
    </bpmn:extensionElements>
    <bpmn:laneSet id=""LaneSet_1"">
      <bpmn:lane id=""Lane_12072eu"" name=""직원"">
        <bpmn:extensionElements>
          <uengine:properties>
            <uengine:json>{}</uengine:json>
          </uengine:properties>
        </bpmn:extensionElements>
        <bpmn:flowNodeRef>start_event</bpmn:flowNodeRef>
        <bpmn:flowNodeRef>submit_leave_request</bpmn:flowNodeRef>
      </bpmn:lane>
      <bpmn:lane id=""Lane_0koa12m"" name=""팀장"">
        <bpmn:extensionElements>
          <uengine:properties>
            <uengine:json>{}</uengine:json>
          </uengine:properties>
        </bpmn:extensionElements>
        <bpmn:flowNodeRef>Event_1im1uyr</bpmn:flowNodeRef>
        <bpmn:flowNodeRef>review_leave_request</bpmn:flowNodeRef>
        <bpmn:flowNodeRef>approval_gateway</bpmn:flowNodeRef>
      </bpmn:lane>
      <bpmn:lane id=""Lane_037t9s0"" name=""인사팀"">
        <bpmn:extensionElements>
          <uengine:properties>
            <uengine:json>{}</uengine:json>
          </uengine:properties>
        </bpmn:extensionElements>
        <bpmn:flowNodeRef>end_event</bpmn:flowNodeRef>
        <bpmn:flowNodeRef>notify_hr</bpmn:flowNodeRef>
      </bpmn:lane>
    </bpmn:laneSet>
    <bpmn:sequenceFlow id=""SequenceFlow_start_event_submit_leave_request"" name="""" sourceRef=""start_event"" targetRef=""submit_leave_request"" />
    <bpmn:sequenceFlow id=""SequenceFlow_submit_leave_request_review_leave_request"" name="""" sourceRef=""submit_leave_request"" targetRef=""review_leave_request"" />
    <bpmn:sequenceFlow id=""SequenceFlow_review_leave_request_approval_gateway"" name="""" sourceRef=""review_leave_request"" targetRef=""approval_gateway"" />
    <bpmn:sequenceFlow id=""SequenceFlow_approval_gateway_notify_hr"" name=""승인됨"" sourceRef=""approval_gateway"" targetRef=""notify_hr"">
      <bpmn:extensionElements>
        <uengine:properties>
          <uengine:json>{""condition"":""승인됨""}</uengine:json>
        </uengine:properties>
      </bpmn:extensionElements>
    </bpmn:sequenceFlow>
    <bpmn:sequenceFlow id=""SequenceFlow_notify_hr_end_event"" name="""" sourceRef=""notify_hr"" targetRef=""end_event"" />
    <bpmn:endEvent id=""end_event"" name=""프로세스 종료"" />
    <bpmn:startEvent id=""start_event"" name=""프로세스 시작"" />
    <bpmn:sequenceFlow id=""Flow_1m829fr"" name=""반려됨"" sourceRef=""approval_gateway"" targetRef=""Event_1im1uyr"">
      <bpmn:extensionElements>
        <uengine:properties>
          <uengine:json>{""condition"":""휴가 승인 반려""}</uengine:json>
        </uengine:properties>
      </bpmn:extensionElements>
    </bpmn:sequenceFlow>
    <bpmn:endEvent id=""Event_1im1uyr"" name=""프로세스 종료"">
      <bpmn:extensionElements>
        <uengine:properties>
          <uengine:json>{""parameters"":[],""checkpoints"":[],""dataInput"":{""name"":""""}}</uengine:json>
        </uengine:properties>
      </bpmn:extensionElements>
      <bpmn:incoming>Flow_1m829fr</bpmn:incoming>
    </bpmn:endEvent>
    <bpmn:userTask id=""submit_leave_request"" name=""휴가 신청 제출"">
      <bpmn:extensionElements>
        <uengine:properties>
          <uengine:json>{""parameters"":[{""argument"":{""text"":""휴가 신청 사유""},""variable"":{""name"":""휴가 신청 사유""},""direction"":""OUT""},{""argument"":{""text"":""휴가 시작일""},""variable"":{""name"":""휴가 시작일""},""direction"":""OUT""},{""argument"":{""text"":""휴가 복귀일""},""variable"":{""name"":""휴가 복귀일""},""direction"":""OUT""}],""duration"":""5"",""_type"":""org.uengine.kernel.FormActivity"",""role"":{""name"":""""},""variableForHtmlFormContext"":{""name"":""leave_request_approval_process_submit_leave_request_form""}}</uengine:json>
        </uengine:properties>
      </bpmn:extensionElements>
      <bpmn:incoming>SequenceFlow_start_event_submit_leave_request</bpmn:incoming>
      <bpmn:outgoing>SequenceFlow_submit_leave_request_review_leave_request</bpmn:outgoing>
    </bpmn:userTask>
    <bpmn:userTask id=""review_leave_request"" name=""휴가 신청 검토"">
      <bpmn:extensionElements>
        <uengine:properties>
          <uengine:json>{""parameters"":[],""duration"":""3"",""_type"":""org.uengine.kernel.FormActivity"",""role"":{""name"":""""},""variableForHtmlFormContext"":{""name"":""leave_request_approval_process_review_leave_request_form""}}</uengine:json>
        </uengine:properties>
      </bpmn:extensionElements>
      <bpmn:incoming>SequenceFlow_submit_leave_request_review_leave_request</bpmn:incoming>
      <bpmn:outgoing>SequenceFlow_review_leave_request_approval_gateway</bpmn:outgoing>
    </bpmn:userTask>
    <bpmn:exclusiveGateway id=""approval_gateway"" name=""승인 여부 결정"">
      <bpmn:incoming>SequenceFlow_review_leave_request_approval_gateway</bpmn:incoming>
      <bpmn:outgoing>SequenceFlow_approval_gateway_notify_hr</bpmn:outgoing>
      <bpmn:outgoing>Flow_1m829fr</bpmn:outgoing>
    </bpmn:exclusiveGateway>
    <bpmn:userTask id=""notify_hr"" name=""인사팀 통지"">
      <bpmn:extensionElements>
        <uengine:properties>
          <uengine:json>{""parameters"":[{""argument"":{""text"":""잔여 휴가 일수""},""variable"":{""name"":""잔여 휴가 일수""},""direction"":""IN""}],""duration"":""2""}</uengine:json>
        </uengine:properties>
      </bpmn:extensionElements>
      <bpmn:incoming>SequenceFlow_approval_gateway_notify_hr</bpmn:incoming>
      <bpmn:outgoing>SequenceFlow_notify_hr_end_event</bpmn:outgoing>
    </bpmn:userTask>
  </bpmn:process>
  <bpmndi:BPMNDiagram id=""BPMNDiagram_1"">
    <bpmndi:BPMNPlane id=""BPMNPlane_1"" bpmnElement=""Collaboration_1"">
      <bpmndi:BPMNShape id=""Participant_1"" bpmnElement=""Participant"" isHorizontal=""true"">
        <dc:Bounds x=""70"" y=""50"" width=""1200"" height=""310"" />
      </bpmndi:BPMNShape>
      <bpmndi:BPMNShape id=""Lane_037t9s0_di"" bpmnElement=""Lane_037t9s0"" isHorizontal=""true"">
        <dc:Bounds x=""100"" y=""256"" width=""1170"" height=""104"" />
        <bpmndi:BPMNLabel />
      </bpmndi:BPMNShape>
      <bpmndi:BPMNShape id=""Lane_0koa12m_di"" bpmnElement=""Lane_0koa12m"" isHorizontal=""true"">
        <dc:Bounds x=""100"" y=""153"" width=""1170"" height=""103"" />
        <bpmndi:BPMNLabel />
      </bpmndi:BPMNShape>
      <bpmndi:BPMNShape id=""Lane_12072eu_di"" bpmnElement=""Lane_12072eu"" isHorizontal=""true"">
        <dc:Bounds x=""100"" y=""50"" width=""1170"" height=""103"" />
        <bpmndi:BPMNLabel />
      </bpmndi:BPMNShape>
      <bpmndi:BPMNShape id=""Shape_end_event"" bpmnElement=""end_event"">
        <dc:Bounds x=""1183"" y=""283"" width=""34"" height=""34"" />
        <bpmndi:BPMNLabel>
          <dc:Bounds x=""1168"" y=""323"" width=""64"" height=""14"" />
        </bpmndi:BPMNLabel>
      </bpmndi:BPMNShape>
      <bpmndi:BPMNShape id=""Shape_start_event"" bpmnElement=""start_event"">
        <dc:Bounds x=""143"" y=""83"" width=""34"" height=""34"" />
        <bpmndi:BPMNLabel>
          <dc:Bounds x=""125"" y=""123"" width=""70"" height=""14"" />
        </bpmndi:BPMNLabel>
      </bpmndi:BPMNShape>
      <bpmndi:BPMNShape id=""Event_1im1uyr_di"" bpmnElement=""Event_1im1uyr"">
        <dc:Bounds x=""922"" y=""182"" width=""36"" height=""36"" />
        <bpmndi:BPMNLabel>
          <dc:Bounds x=""908"" y=""225"" width=""65"" height=""14"" />
        </bpmndi:BPMNLabel>
      </bpmndi:BPMNShape>
      <bpmndi:BPMNShape id=""BPMNShape_submit_leave_request"" bpmnElement=""submit_leave_request"">
        <dc:Bounds x=""300"" y=""60"" width=""100"" height=""80"" />
        <bpmndi:BPMNLabel />
      </bpmndi:BPMNShape>
      <bpmndi:BPMNShape id=""BPMNShape_review_leave_request"" bpmnElement=""review_leave_request"">
        <dc:Bounds x=""500"" y=""160"" width=""100"" height=""80"" />
        <bpmndi:BPMNLabel />
      </bpmndi:BPMNShape>
      <bpmndi:BPMNShape id=""BPMNShape_approval_gateway"" bpmnElement=""approval_gateway"" isMarkerVisible=""true"">
        <dc:Bounds x=""715"" y=""175"" width=""50"" height=""50"" />
        <bpmndi:BPMNLabel>
          <dc:Bounds x=""706"" y=""151"" width=""67"" height=""14"" />
        </bpmndi:BPMNLabel>
      </bpmndi:BPMNShape>
      <bpmndi:BPMNShape id=""BPMNShape_notify_hr"" bpmnElement=""notify_hr"">
        <dc:Bounds x=""870"" y=""260"" width=""100"" height=""80"" />
        <bpmndi:BPMNLabel />
      </bpmndi:BPMNShape>
      <bpmndi:BPMNEdge id=""BPMNEdge_start_event_submit_leave_request"" bpmnElement=""SequenceFlow_start_event_submit_leave_request"">
        <di:waypoint x=""177"" y=""100"" />
        <di:waypoint x=""300"" y=""100"" />
      </bpmndi:BPMNEdge>
      <bpmndi:BPMNEdge id=""BPMNEdge_submit_leave_request_review_leave_request"" bpmnElement=""SequenceFlow_submit_leave_request_review_leave_request"">
        <di:waypoint x=""350"" y=""140"" />
        <di:waypoint x=""350"" y=""200"" />
        <di:waypoint x=""500"" y=""200"" />
      </bpmndi:BPMNEdge>
      <bpmndi:BPMNEdge id=""BPMNEdge_review_leave_request_approval_gateway"" bpmnElement=""SequenceFlow_review_leave_request_approval_gateway"">
        <di:waypoint x=""600"" y=""200"" />
        <di:waypoint x=""715"" y=""200"" />
      </bpmndi:BPMNEdge>
      <bpmndi:BPMNEdge id=""BPMNEdge_approval_gateway_notify_hr"" bpmnElement=""SequenceFlow_approval_gateway_notify_hr"">
        <di:waypoint x=""740"" y=""225"" />
        <di:waypoint x=""740"" y=""300"" />
        <di:waypoint x=""870"" y=""300"" />
        <bpmndi:BPMNLabel>
          <dc:Bounds x=""740"" y=""253"" width=""31"" height=""14"" />
        </bpmndi:BPMNLabel>
      </bpmndi:BPMNEdge>
      <bpmndi:BPMNEdge id=""BPMNEdge_notify_hr_end_event"" bpmnElement=""SequenceFlow_notify_hr_end_event"">
        <di:waypoint x=""970"" y=""300"" />
        <di:waypoint x=""1183"" y=""300"" />
      </bpmndi:BPMNEdge>
      <bpmndi:BPMNEdge id=""Flow_1m829fr_di"" bpmnElement=""Flow_1m829fr"">
        <di:waypoint x=""765"" y=""200"" />
        <di:waypoint x=""922"" y=""200"" />
        <bpmndi:BPMNLabel>
          <dc:Bounds x=""828"" y=""182"" width=""31"" height=""14"" />
        </bpmndi:BPMNLabel>
      </bpmndi:BPMNEdge>
    </bpmndi:BPMNPlane>
  </bpmndi:BPMNDiagram>
</bpmn:definitions>
",14bcf34a-beb7-43e8-9f9e-754517078a7a,localhost